record_offset,name,extras,subtype,version,size,data_offset
0,SYSTEM.VIN,1,,1,151,17
168,SYSTEM.RES,1,,1,742,185
927,VM.OVL,RES 1,RES,1,14734,944
15678,SX.OVL,RES 1,RES,1,44116,15695
59811,TIM2.SX,ES 1,ES,1,194734,59828
254562,PARTTEMP.PAL,,,,784,254579
255363,TTLDARK.PAL,,,,784,255380
256164,SIERRA03.PAL,,,,784,256181
256965,SIERRA04.PAL,,,,784,256982
257766,SIERRA05.PAL,,,,784,257783
258567,BLACK.PAL,AL,,AL,809,258584
259393,SIERRA.PAL,L,,L,784,259410
260194,SIERRA06.PAL,,,,784,260211
260995,SIERRA07.PAL,,,,784,261012
261796,SIERRA08.PAL,,,,784,261813
262597,SIERRA09.PAL,,,,784,262614
263398,SIERRA10.PAL,,,,784,263415
264199,SIERRA11.PAL,,,,784,264216
265000,SIERRA12.PAL,,,,784,265017
265801,SIERRA13.PAL,,,,784,265818
266602,SIERRA14.PAL,,,,784,266619
267403,SIERRA15.PAL,,,,784,267420
268204,SIERRA16.PAL,,,,784,268221
269005,SIERRA17.PAL,,,,784,269022
269806,SIERRA00.PAL,,,,784,269823
270607,TIM2.PAL,PAL,,PAL,784,270624
271408,TTLLITE.PAL,,,,784,271425
272209,TITLE.PAL,L,,L,784,272226
273010,SIERRA02.PAL,,,,784,273027
273811,TIM.PAL,.PAL,,.PAL,784,273828
274612,TTLMED.PAL,L,,L,784,274629
275413,SIERRA01.PAL,,,,784,275430
276214,INFO.ITF,PAL,,PAL,332,276231
276563,PROG87.ITF,L,,L,1306,276580
277886,HELP.ITF,F L,F,L,489,277903
278392,BINSOLVE.ITF,,,,489,278409
278898,LOADSAVE.ITF,,,,300,278915
279215,MUSICBOX.ITF,,,,739,279232
279971,GOALBAR.ITF,,,,145,279988
280133,PUZZDISP.ITF,,,,449,280150
280599,PARTSBIN.ITF,,,,620,280616
281236,HINT.ITF,ITF,,ITF,345,281253
281598,CNTRLPNL.ITF,,,,432,281615
282047,USERPREF.ITF,,,,598,282064
282662,SIGNIN.ITF,F,,F,375,282679
283054,PUZZSOLV.ITF,,,,275,283071
283346,SOLVE.ITF,TF,,TF,1107,283363
284470,GENERIC.ITF,,,,264,284487
284751,GOALHBAR.ITF,,,,452,284768
285220,DOSADV.ITF,F,,F,372,285237
285609,HEDTOHED.ITF,,,,709,285626
286335,PROG71.ITF,F,,F,212,286352
286564,PROG58.ITF,F,,F,212,286581
286793,PROG108.ITF,,,,313,286810
287123,PROG127.ITF,,,,212,287140
287352,PROG136.ITF,,,,212,287369
287581,PROG137.ITF,,,,212,287598
287810,PROG27.ITF,,,,212,287827
288039,CREDITS.ITF,,,,278,288056
288334,GRAVITY.ITF,,,,546,288351
288897,DOSBIN.ITF,,,,565,288914
289479,DOSBOX.ITF,,,,578,289496
290074,DOSDIR.ITF,,,,222,290091
290313,TOUR.ITF,F,,F,447,290330
290777,PROG4.ITF,,,,212,290794
291006,MAINMENU.ITF,,,,611,291023
291634,PROG54.ITF,F,,F,212,291651
291863,PROG81.ITF,F,,F,212,291880
292092,PROG63.ITF,F,,F,212,292109
292321,PROG80.ITF,F,,F,212,292338
292550,HTLOCK.ITF,F,,F,287,292567
292854,PROG96.ITF,F,,F,212,292871
293083,MAINMENU.ANM,,,,10988,293100
304088,PROFESR2.ANM,,,,31941,304105
336046,BUTTONS.ANM,,,,1670,336063
337733,CNTRLPNL.ANM,,,,1375,337750
339125,GOALBAR.ANM,,,,2238,339142
341380,PART0.ANM,M,,M,244,341397
341641,PART54.ANM,,,,4061,341658
345719,PART46.ANM,,,,537,345736
346273,PART82.ANM,,,,781,346290
347071,PARTSBIN.ANM,,,,1761,347088
348849,PART1.ANM,NM,,NM,536,348866
349402,PART2.ANM,NM,,NM,148,349419
349567,PART4.ANM,NM,,NM,687,349584
350271,PART86.ANM,M,,M,177,350288
350465,PART5.ANM,M,,M,768,350482
351250,PART6.ANM,M,,M,1155,351267
352422,PART7.ANM,M,,M,152,352439
352591,PART8.ANM,M,,M,52,352608
352660,PART9.ANM,M,,M,464,352677
353141,PART10.ANM,M,,M,77,353158
353235,PART11.ANM,M,,M,117,353252
353369,PART13.ANM,M,,M,2157,353386
355543,PART14.ANM,M,,M,177,355560
355737,PART15.ANM,M,,M,11069,355754
366823,PART16.ANM,M,,M,137,366840
366977,PART17.ANM,M,,M,105,366994
367099,PART18.ANM,M,,M,8818,367116
375934,PART19.ANM,M,,M,952,375951
376903,PART20.ANM,M,,M,221,376920
377141,PART21.ANM,M,,M,465,377158
377623,PART23.ANM,M,,M,203,377640
377843,PART55.ANM,M,,M,457,377860
378317,PART24.ANM,M,,M,4469,378334
382803,PART25.ANM,M,,M,209,382820
383029,PART26.ANM,M,,M,2348,383046
385394,PART27.ANM,M,,M,657,385411
386068,PART28.ANM,M,,M,245,386085
386330,PART29.ANM,M,,M,777,386347
387124,PART30.ANM,M,,M,77,387141
387218,PART31.ANM,M,,M,8235,387235
395470,PART32.ANM,M,,M,217,395487
395704,PART33.ANM,M,,M,297,395721
396018,PART34.ANM,M,,M,481,396035
396516,PART35.ANM,M,,M,401,396533
396934,PART36.ANM,M,,M,5196,396951
402147,PART37.ANM,M,,M,523,402164
402687,PART38.ANM,M,,M,345,402704
403049,PART39.ANM,M,,M,389,403066
403455,PART40.ANM,M,,M,453,403472
403925,PART41.ANM,M,,M,153,403942
404095,PART42.ANM,M,,M,1549,404112
405661,PART43.ANM,M,,M,203,405678
405881,PART44.ANM,M,,M,245,405898
406143,PART45.ANM,M,,M,400,406160
406560,PART47.ANM,M,,M,149,406577
406726,PART48.ANM,M,,M,973,406743
407716,PART50.ANM,M,,M,2453,407733
410186,PART51.ANM,M,,M,3137,410203
413340,PART52.ANM,M,,M,77,413357
413434,PART53.ANM,M,,M,635,413451
414086,PART56.ANM,M,,M,493,414103
414596,PART94.ANM,M,,M,149,414613
414762,PART58.ANM,M,,M,6615,414779
421394,PART60.ANM,M,,M,781,421411
422192,PART61.ANM,M,,M,2529,422209
424738,PART62.ANM,M,,M,1207,424755
425962,PART63.ANM,M,,M,497,425979
426476,PART66.ANM,M,,M,305,426493
426798,PART65.ANM,M,,M,817,426815
427632,PART67.ANM,M,,M,1685,427649
429334,PART69.ANM,M,,M,193,429351
429544,PART80.ANM,M,,M,5496,429561
435057,PART73.ANM,M,,M,485,435074
435559,PART71.ANM,M,,M,349,435576
435925,PROFESOR.ANM,,,,805,435942
436747,INFO109.ANM,,,,328,436764
437092,PART78.ANM,,,,2159,437109
439268,HEDTOHED.ANM,,,,1551,439285
440836,PART74.ANM,M,,M,313,440853
441166,PART68.ANM,M,,M,245,441183
441428,PART70.ANM,M,,M,4542,441445
445987,PART76.ANM,M,,M,77,446004
446081,PART77.ANM,M,,M,177,446098
446275,PART75.ANM,M,,M,1088,446292
447380,PART89.ANM,M,,M,709,447397
448106,PART90.ANM,M,,M,601,448123
448724,PART3.ANM,M,,M,160,448741
448901,PART110.ANM,,,,74,448918
448992,PART111.ANM,,,,74,449009
449083,PART112.ANM,,,,74,449100
449174,PART113.ANM,,,,74,449191
449265,PART114.ANM,,,,74,449282
449356,PART115.ANM,,,,78,449373
449451,PART72.ANM,,,,341,449468
449809,PART103.ANM,,,,78,449826
449904,PART107.ANM,,,,194,449921
450115,PART98.ANM,,,,77,450132
450209,PART59.ANM,,,,133,450226
450359,PART108.ANM,,,,1640,450376
452016,PART118.ANM,,,,614,452033
452647,PART120.ANM,,,,210,452664
452874,PART83.ANM,,,,541,452891
453432,PART104.ANM,,,,78,453449
453527,PART105.ANM,,,,78,453544
453622,PART106.ANM,,,,78,453639
453717,PART81.ANM,,,,2581,453734
456315,PART79.ANM,,,,590,456332
456922,HANDLES.ANM,,,,3920,456939
460859,PART84.ANM,,,,661,460876
461537,PART125.ANM,,,,538,461554
462092,PART102.ANM,,,,150,462109
462259,PART97.ANM,,,,201,462276
462477,PART100.ANM,,,,150,462494
462644,PART126.ANM,,,,150,462661
462811,PART211.ANM,,,,78,462828
462906,PART117.ANM,,,,1522,462923
464445,PART99.ANM,,,,149,464462
464611,PART91.ANM,,,,969,464628
465597,PART92.ANM,,,,985,465614
466599,PART93.ANM,,,,969,466616
467585,PART109.ANM,,,,1099,467602
468701,PART95.ANM,,,,6275,468718
474993,PART96.ANM,,,,1097,475010
476107,PART88.ANM,,,,545,476124
476669,PART172.ANM,,,,78,476686
476764,PART173.ANM,,,,78,476781
476859,PART174.ANM,,,,78,476876
476954,PART87.ANM,,,,581,476971
477552,CREDITS.ANM,,,,246,477569
477815,PART132.ANM,,,,78,477832
477910,PART133.ANM,,,,78,477927
478005,PART131.ANM,,,,78,478022
478100,PART128.ANM,,,,78,478117
478195,PART134.ANM,,,,78,478212
478290,PART135.ANM,,,,78,478307
478385,PART136.ANM,,,,421,478402
478823,PART101.ANM,,,,150,478840
478990,PART119.ANM,,,,498,479007
479505,PART12.ANM,,,,7905,479522
487427,PART207.ANM,,,,78,487444
487522,PART208.ANM,,,,78,487539
487617,LOADSAVE.ANM,,,,917,487634
488551,INFO76.ANM,M,,M,77,488568
488645,SOLVE.ANM,M,,M,540,488662
489202,PART148.ANM,,,,398,489219
489617,PART85.ANM,,,,901,489634
490535,PART116.ANM,,,,110,490552
490662,PART57.ANM,,,,149,490679
490828,PROGPART.ANM,,,,10336,490845
501181,INFO11.ANM,M,,M,77,501198
501275,INFO16.ANM,M,,M,795,501292
502087,INFO18.ANM,M,,M,1608,502104
503712,INFO19.ANM,M,,M,1770,503729
505499,PART137.ANM,,,,2918,505516
508434,INFO5.ANM,M,,M,1130,508451
509581,PART138.ANM,,,,275,509598
509873,INFO23.ANM,,,,725,509890
510615,INFO58.ANM,,,,356,510632
510988,PART139.ANM,,,,162,511005
511167,INFO55.ANM,,,,518,511184
511702,INFO81.ANM,,,,763,511719
512482,INFO148.ANM,,,,306,512499
512805,INFO61.ANM,,,,533,512822
513355,INFO88.ANM,,,,749,513372
514121,INFO4.ANM,,,,7478,514138
521616,INFO15.ANM,,,,13909,521633
535542,INFO0.ANM,,,,472,535559
536031,INFO100.ANM,,,,90,536048
536138,INFO20.ANM,,,,77,536155
536232,INFO35.ANM,,,,481,536249
536730,INFO52.ANM,,,,77,536747
536824,INFO63.ANM,,,,1231,536841
538072,SIGN_IN.ANM,,,,288,538089
538377,PART121.ANM,,,,78,538394
538472,PART122.ANM,,,,78,538489
538567,INFO1.ANM,M,,M,76,538584
538660,INFO12.ANM,,,,1097,538677
539774,INFO13.ANM,,,,749,539791
540540,INFO24.ANM,,,,185,540557
540742,INFO2.ANM,,,,116,540759
540875,INFO22.ANM,,,,528,540892
541420,INFO26.ANM,,,,297,541437
541734,INFO27.ANM,,,,3125,541751
544876,INFO30.ANM,,,,699,544893
545592,INFO29.ANM,,,,433,545609
546042,PART64.ANM,,,,143,546059
546202,PART22.ANM,,,,853,546219
547072,INFO3.ANM,,,,88,547089
547177,INFO6.ANM,,,,1442,547194
548636,INFO7.ANM,,,,752,548653
549405,INFO9.ANM,,,,76,549422
549498,INFO14.ANM,,,,1029,549515
550544,INFO17.ANM,,,,77,550561
550638,INFO21.ANM,,,,840,550655
551495,INFO25.ANM,,,,683,551512
552195,INFO28.ANM,,,,77,552212
552289,INFO31.ANM,,,,281,552306
552587,INFO32.ANM,,,,281,552604
552885,INFO33.ANM,,,,729,552902
553631,INFO34.ANM,,,,521,553648
554169,INFO36.ANM,,,,3638,554186
557824,INFO37.ANM,,,,741,557841
558582,INFO38.ANM,,,,928,558599
559527,INFO39.ANM,,,,655,559544
560199,INFO40.ANM,,,,517,560216
560733,INFO42.ANM,,,,1527,560750
562277,INFO43.ANM,,,,1407,562294
563701,INFO44.ANM,,,,77,563718
563795,INFO45.ANM,,,,3378,563812
567190,INFO46.ANM,,,,641,567207
567848,INFO47.ANM,,,,1235,567865
569100,INFO50.ANM,,,,649,569117
569766,INFO51.ANM,,,,451,569783
570234,INFO53.ANM,,,,843,570251
571094,INFO54.ANM,,,,4143,571111
575254,INFO56.ANM,,,,77,575271
575348,INFO57.ANM,,,,789,575365
576154,INFO59.ANM,,,,77,576171
576248,INFO62.ANM,,,,349,576265
576614,INFO64.ANM,,,,77,576631
576708,INFO65.ANM,,,,3291,576725
580016,INFO66.ANM,,,,1150,580033
581183,INFO68.ANM,,,,77,581200
581277,INFO69.ANM,,,,205,581294
581499,INFO70.ANM,,,,3478,581516
584994,INFO71.ANM,,,,103,585011
585114,INFO73.ANM,,,,77,585131
585208,INFO74.ANM,,,,329,585225
585554,INFO75.ANM,,,,1155,585571
586726,INFO77.ANM,,,,849,586743
587592,INFO78.ANM,,,,4296,587609
591905,INFO79.ANM,,,,1020,591922
592942,INFO80.ANM,,,,1008,592959
593967,INFO82.ANM,,,,153,593984
594137,INFO83.ANM,,,,77,594154
594231,INFO84.ANM,,,,77,594248
594325,INFO86.ANM,,,,1059,594342
595401,INFO87.ANM,,,,465,595418
595883,INFO89.ANM,,,,381,595900
596281,INFO90.ANM,,,,783,596298
597081,INFO91.ANM,,,,237,597098
597335,INFO92.ANM,,,,244,597352
597596,INFO93.ANM,,,,244,597613
597857,INFO94.ANM,,,,897,597874
598771,INFO95.ANM,,,,77,598788
598865,INFO96.ANM,,,,360,598882
599242,INFO97.ANM,,,,547,599259
599806,INFO98.ANM,,,,745,599823
600568,INFO99.ANM,,,,6811,600585
607396,INFO101.ANM,,,,102,607413
607515,INFO102.ANM,,,,90,607532
607622,INFO103.ANM,,,,78,607639
607717,INFO104.ANM,,,,78,607734
607812,INFO105.ANM,,,,78,607829
607907,INFO106.ANM,,,,78,607924
608002,INFO107.ANM,,,,1044,608019
609063,INFO108.ANM,,,,528,609080
609608,INFO116.ANM,,,,226,609625
609851,INFO117.ANM,,,,556,609868
610424,INFO118.ANM,,,,126,610441
610567,INFO119.ANM,,,,144,610584
610728,INFO120.ANM,,,,669,610745
611414,INFO125.ANM,,,,78,611431
611509,INFO126.ANM,,,,90,611526
611616,INFO136.ANM,,,,78,611633
611711,INFO137.ANM,,,,774,611728
612502,INFO138.ANM,,,,317,612519
612836,INFO139.ANM,,,,78,612853
612931,PUZLTYPE.ANM,,,,14876,612948
627824,INFO85.ANM,M,,M,89,627841
627930,INFO60.ANM,M,,M,809,627947
628756,INFO67.ANM,M,,M,437,628773
629210,PART130.ANM,,,,78,629227
629305,PART129.ANM,,,,78,629322
629400,PART149.ANM,,,,78,629417
629495,PART140.ANM,,,,78,629512
629590,PART141.ANM,,,,78,629607
629685,PART142.ANM,,,,78,629702
629780,PART144.ANM,,,,78,629797
629875,PART145.ANM,,,,78,629892
629970,PART146.ANM,,,,78,629987
630065,PART147.ANM,,,,78,630082
630160,PART143.ANM,,,,78,630177
630255,HINTLOCK.ANM,,,,2411,630272
632683,SIERRA.ANM,M,,M,2479,632700
635179,PART151.ANM,,,,78,635196
635274,PART152.ANM,,,,78,635291
635369,PART153.ANM,,,,78,635386
635464,PART154.ANM,,,,78,635481
635559,PART155.ANM,,,,78,635576
635654,PART156.ANM,,,,78,635671
635749,PART157.ANM,,,,78,635766
635844,PART158.ANM,,,,78,635861
635939,PART159.ANM,,,,78,635956
636034,PART160.ANM,,,,78,636051
636129,PART161.ANM,,,,78,636146
636224,PART162.ANM,,,,78,636241
636319,PART163.ANM,,,,74,636336
636410,PART276.ANM,,,,74,636427
636501,PART277.ANM,,,,78,636518
636596,PART278.ANM,,,,78,636613
636691,PART279.ANM,,,,78,636708
636786,PART280.ANM,,,,74,636803
636877,PART260.ANM,,,,78,636894
636972,PART261.ANM,,,,78,636989
637067,PART262.ANM,,,,78,637084
637162,PART263.ANM,,,,78,637179
637257,PART264.ANM,,,,78,637274
637352,PART265.ANM,,,,78,637369
637447,PART266.ANM,,,,78,637464
637542,PART267.ANM,,,,78,637559
637637,PART268.ANM,,,,78,637654
637732,PART269.ANM,,,,78,637749
637827,PART270.ANM,,,,78,637844
637922,PART271.ANM,,,,78,637939
638017,PART272.ANM,,,,78,638034
638112,PART273.ANM,,,,78,638129
638207,PART274.ANM,,,,78,638224
638302,PART275.ANM,,,,86,638319
638405,PART244.ANM,,,,78,638422
638500,PART245.ANM,,,,78,638517
638595,PART246.ANM,,,,78,638612
638690,PART247.ANM,,,,78,638707
638785,PART248.ANM,,,,78,638802
638880,PART249.ANM,,,,78,638897
638975,PART250.ANM,,,,78,638992
639070,PART251.ANM,,,,78,639087
639165,PART252.ANM,,,,78,639182
639260,PART254.ANM,,,,78,639277
639355,PART253.ANM,,,,74,639372
639446,PART255.ANM,,,,78,639463
639541,PART256.ANM,,,,78,639558
639636,PART257.ANM,,,,78,639653
639731,PART258.ANM,,,,78,639748
639826,PART259.ANM,,,,78,639843
639921,PART228.ANM,,,,78,639938
640016,PART229.ANM,,,,78,640033
640111,PART230.ANM,,,,78,640128
640206,PART231.ANM,,,,78,640223
640301,PART234.ANM,,,,78,640318
640396,PART232.ANM,,,,78,640413
640491,PART233.ANM,,,,78,640508
640586,PART235.ANM,,,,78,640603
640681,PART236.ANM,,,,78,640698
640776,PART237.ANM,,,,78,640793
640871,PART238.ANM,,,,78,640888
640966,PART239.ANM,,,,78,640983
641061,PART240.ANM,,,,78,641078
641156,PART241.ANM,,,,78,641173
641251,PART242.ANM,,,,78,641268
641346,PART243.ANM,,,,78,641363
641441,PART212.ANM,,,,78,641458
641536,PART213.ANM,,,,78,641553
641631,PART214.ANM,,,,78,641648
641726,PART215.ANM,,,,78,641743
641821,PART216.ANM,,,,78,641838
641916,PART217.ANM,,,,78,641933
642011,PART218.ANM,,,,78,642028
642106,PART219.ANM,,,,78,642123
642201,PART220.ANM,,,,78,642218
642296,PART221.ANM,,,,78,642313
642391,PART222.ANM,,,,78,642408
642486,PART223.ANM,,,,78,642503
642581,PART224.ANM,,,,78,642598
642676,PART225.ANM,,,,78,642693
642771,PART226.ANM,,,,78,642788
642866,PART227.ANM,,,,78,642883
642961,TITLE.ANM,M,,M,28715,642978
671693,PART164.ANM,,,,78,671710
671788,PART165.ANM,,,,78,671805
671883,PART166.ANM,,,,78,671900
671978,PART167.ANM,,,,78,671995
672073,PART168.ANM,,,,78,672090
672168,PART169.ANM,,,,78,672185
672263,PART170.ANM,,,,78,672280
672358,PART171.ANM,,,,78,672375
672453,PART175.ANM,,,,78,672470
672548,PART176.ANM,,,,78,672565
672643,PART177.ANM,,,,78,672660
672738,PART178.ANM,,,,78,672755
672833,PART179.ANM,,,,78,672850
672928,PART180.ANM,,,,78,672945
673023,PART181.ANM,,,,78,673040
673118,PART182.ANM,,,,78,673135
673213,PART183.ANM,,,,78,673230
673308,PART123.ANM,,,,78,673325
673403,PART184.ANM,,,,78,673420
673498,INFO10.ANM,,,,77,673515
673592,INFO8.ANM,,,,76,673609
673685,INFO48.ANM,,,,77,673702
673779,PART124.ANM,,,,78,673796
673874,PART185.ANM,,,,78,673891
673969,PART186.ANM,,,,78,673986
674064,PART187.ANM,,,,78,674081
674159,PART188.ANM,,,,78,674176
674254,PART189.ANM,,,,78,674271
674349,PART190.ANM,,,,78,674366
674444,PART191.ANM,,,,78,674461
674539,PART192.ANM,,,,78,674556
674634,PART193.ANM,,,,78,674651
674729,PART194.ANM,,,,78,674746
674824,PART195.ANM,,,,78,674841
674919,PART196.ANM,,,,78,674936
675014,PART197.ANM,,,,78,675031
675109,PART198.ANM,,,,78,675126
675204,PART199.ANM,,,,78,675221
675299,PART200.ANM,,,,78,675316
675394,PART201.ANM,,,,78,675411
675489,PART202.ANM,,,,78,675506
675584,PART150.ANM,,,,78,675601
675679,PART281.ANM,,,,78,675696
675774,PART282.ANM,,,,78,675791
675869,PART283.ANM,,,,78,675886
675964,PART284.ANM,,,,78,675981
676059,PART285.ANM,,,,78,676076
676154,PART286.ANM,,,,78,676171
676249,PART287.ANM,,,,78,676266
676344,PART288.ANM,,,,78,676361
676439,PART289.ANM,,,,78,676456
676534,PART290.ANM,,,,78,676551
676629,PART291.ANM,,,,78,676646
676724,PART292.ANM,,,,78,676741
676819,PART293.ANM,,,,78,676836
676914,PART294.ANM,,,,78,676931
677009,PART203.ANM,,,,78,677026
677104,PART204.ANM,,,,78,677121
677199,BINSOLVE.ANM,,,,301,677216
677517,TITLE2.ANM,M,,M,554,677534
678088,PART206.ANM,,,,78,678105
678183,PART205.ANM,,,,78,678200
678278,PART209.ANM,,,,78,678295
678373,PART210.ANM,,,,78,678390
678468,PUZDISP.ANM,,,,272,678485
678757,PART210.BMP,,,,412,678774
679186,PART3.BMP,P,,P,2000,679203
681203,PART211.BMP,,,,211,681220
681431,INFO76.BMP,,,,5234,681448
686682,PART212.BMP,,,,1277,686699
687976,PART213.BMP,,,,943,687993
688936,PART214.BMP,,,,591,688953
689544,PART215.BMP,,,,1229,689561
690790,PART216.BMP,,,,751,690807
691558,PART217.BMP,,,,1278,691575
692853,PART218.BMP,,,,2100,692870
694970,PART87.BMP,,,,7356,694987
702343,TITLTABL.BMP,,,,659,702360
703019,PART54.BMP,P,,P,11991,703036
715027,CURSORS.BMP,,,,24691,715044
739735,PART219.BMP,,,,1986,739752
741738,PUZTYPE1.BMP,,,,16882,741755
758637,PART17.BMP,P,,P,1367,758654
760021,PART220.BMP,,,,1446,760038
761484,PART221.BMP,,,,1177,761501
762678,PART222.BMP,,,,367,762695
763062,DESCRIPT.BMP,,,,932,763079
764011,PART223.BMP,,,,428,764028
764456,PART224.BMP,,,,345,764473
764818,PART225.BMP,,,,443,764835
765278,INFO137.BMP,,,,4222,765295
769517,PART27.BMP,,,,4010,769534
773544,PART117.BMP,,,,3231,773561
776792,PART149.BMP,,,,1105,776809
777914,TITLFIRE.BMP,,,,2817,777931
780748,PART226.BMP,,,,2703,780765
783468,PART56.BMP,,,,3044,783485
786529,PART68.BMP,,,,4848,786546
791394,PART64.BMP,,,,1600,791411
793011,PART61.BMP,,,,4347,793028
797375,ICONS1.BMP,,,,13917,797392
811309,CNTRLPNL.BMP,,,,9873,811326
821199,PART32.BMP,P,,P,2041,821216
823257,ICONS4.BMP,P,,P,14499,823274
837773,PART15.BMP,P,,P,14644,837790
852434,PART37.BMP,P,,P,713,852451
853164,PART43.BMP,P,,P,295,853181
853476,PART12.BMP,P,,P,12990,853493
866483,PART227.BMP,,,,572,866500
867072,INFO109.BMP,,,,4261,867089
871350,PART228.BMP,,,,637,871367
872004,PART81.BMP,,,,5846,872021
877867,PART229.BMP,,,,911,877884
878795,BUTTONS.BMP,,,,15523,878812
894335,PART230.BMP,,,,293,894352
894645,PART231.BMP,,,,145,894662
894807,INFO4.BMP,P,,P,7948,894824
902772,PART232.BMP,,,,277,902789
903066,PART110.BMP,,,,1169,903083
904252,PART111.BMP,,,,1292,904269
905561,PART112.BMP,,,,1241,905578
906819,PART70.BMP,,,,3916,906836
910752,PART113.BMP,,,,897,910769
911666,PART48.BMP,,,,6136,911683
917819,PART78.BMP,,,,964,917836
918800,PART66.BMP,,,,687,918817
919504,PART69.BMP,,,,1368,919521
920889,PART71.BMP,,,,8566,920906
929472,PART73.BMP,,,,3366,929489
932855,PART75.BMP,,,,2407,932872
935279,PART44.BMP,,,,1192,935296
936488,PART50.BMP,,,,8363,936505
944868,PART83.BMP,,,,3109,944885
947994,ROKTBLAS.BMP,,,,11034,948011
959045,PART74.BMP,P,,P,1156,959062
960218,FLAMES.BMP,P,,P,1185,960235
961420,PART11.BMP,P,,P,1684,961437
963121,PART34.BMP,P,,P,2427,963138
965565,PART63.BMP,P,,P,4241,965582
969823,PART28.BMP,P,,P,1523,969840
971363,PART30.BMP,P,,P,356,971380
971736,PART39.BMP,P,,P,2994,971753
974747,PART120.BMP,,,,553,974764
975317,PART10.BMP,,,,157,975334
975491,INFO29.BMP,,,,6875,975508
982383,INFO38.BMP,,,,4016,982400
986416,PART79.BMP,,,,6485,986433
992918,PROFESR3.BMP,,,,5217,992935
998152,PART104.BMP,,,,1961,998169
1000130,PART67.BMP,,,,3445,1000147
1003592,PART103.BMP,,,,1603,1003609
1005212,PART106.BMP,,,,2033,1005229
1007262,PART105.BMP,,,,1752,1007279
1009031,PART107.BMP,,,,4693,1009048
1013741,PART51.BMP,,,,2640,1013758
1016398,PART80.BMP,,,,2008,1016415
1018423,PART233.BMP,,,,322,1018440
1018762,PART91.BMP,,,,581,1018779
1019360,PART92.BMP,,,,611,1019377
1019988,PART93.BMP,,,,639,1020005
1020644,INFO82.BMP,,,,4344,1020661
1025005,PART234.BMP,,,,233,1025022
1025255,PART235.BMP,,,,185,1025272
1025457,PART119.BMP,,,,7348,1025474
1032822,PART150.BMP,,,,1530,1032839
1034369,INFO62.BMP,,,,3193,1034386
1037579,PART94.BMP,,,,547,1037596
1038143,PART52.BMP,,,,283,1038160
1038443,PART25.BMP,,,,920,1038460
1039380,PART41.BMP,,,,3343,1039397
1042740,PART26.BMP,,,,3274,1042757
1046031,INFO73.BMP,,,,2319,1046048
1048367,PART90.BMP,,,,2173,1048384
1050557,PART89.BMP,,,,2466,1050574
1053040,INFO85.BMP,,,,3298,1053057
1056355,INFO83.BMP,,,,2071,1056372
1058443,PART42.BMP,,,,2962,1058460
1061422,PART47.BMP,,,,1541,1061439
1062980,PART45.BMP,,,,476,1062997
1063473,PART236.BMP,,,,197,1063490
1063687,PART5.BMP,P,,P,10452,1063704
1074156,INFO3.BMP,P,,P,1588,1074173
1075761,INFO86.BMP,,,,3115,1075778
1078893,INFO98.BMP,,,,2762,1078910
1081672,PART65.BMP,,,,4359,1081689
1086048,PART36.BMP,,,,3006,1086065
1089071,INFO99.BMP,,,,3010,1089088
1092098,PART29.BMP,,,,2385,1092115
1094500,PART62.BMP,,,,4419,1094517
1098936,PART33.BMP,,,,1899,1098953
1100852,PART237.BMP,,,,160,1100869
1101029,INFO100.BMP,,,,2352,1101046
1103398,INFO101.BMP,,,,3315,1103415
1106730,PART2.BMP,P,,P,1640,1106747
1108387,PART4C.BMP,,,,3422,1108404
1111826,INFO108.BMP,,,,2457,1111843
1114300,INFO28.BMP,,,,1912,1114317
1116229,PART84.BMP,,,,5505,1116246
1121751,INFO118.BMP,,,,2132,1121768
1123900,PART7.BMP,P,,P,990,1123917
1124907,INFO120.BMP,,,,3014,1124924
1127938,INFO125.BMP,,,,4487,1127955
1132442,ICONS3.BMP,,,,14577,1132459
1147036,INFO139.BMP,,,,1628,1147053
1148681,PART238.BMP,,,,442,1148698
1149140,PART4B.BMP,,,,4307,1149157
1153464,PART4D.BMP,,,,2633,1153481
1156114,PART0.BMP,,,,3794,1156131
1159925,PART97.BMP,,,,1629,1159942
1161571,PART239.BMP,,,,275,1161588
1161863,PART240.BMP,,,,442,1161880
1162322,PART9.BMP,P,,P,7861,1162339
1170200,PART241.BMP,,,,275,1170217
1170492,PART242.BMP,,,,825,1170509
1171334,PART88.BMP,,,,10681,1171351
1182032,PART46.BMP,,,,4624,1182049
1186673,PART125.BMP,,,,2054,1186690
1188744,INFO79.BMP,,,,1815,1188761
1190576,PART18X.BMP,,,,5693,1190593
1196286,PART18ST.BMP,,,,4504,1196303
1200807,PART18Y.BMP,,,,6034,1200824
1206858,PART18Z.BMP,,,,7281,1206875
1214156,PART126.BMP,,,,1702,1214173
1215875,PART102.BMP,,,,1755,1215892
1217647,PART101.BMP,,,,1682,1217664
1219346,PART243.BMP,,,,507,1219363
1219870,FWBLUE.BMP,,,,6494,1219887
1226381,FWYEL.BMP,,,,17306,1226398
1243704,FWGREN.BMP,,,,2825,1243721
1246546,PART31.BMP,,,,16776,1246563
1263339,PART244.BMP,,,,887,1263356
1264243,CORNERS.BMP,,,,19768,1264260
1284028,PART38.BMP,,,,2373,1284045
1286418,PART245.BMP,,,,598,1286435
1287033,PART246.BMP,,,,486,1287050
1287536,PART40.BMP,,,,7551,1287553
1295104,PART247.BMP,,,,348,1295121
1295469,INFO19.BMP,,,,1726,1295486
1297212,PART248.BMP,,,,318,1297229
1297547,INFO25.BMP,,,,3153,1297564
1300717,INFO43.BMP,,,,2240,1300734
1302974,INFO37.BMP,,,,1399,1302991
1304390,INFO80.BMP,,,,1107,1304407
1305514,INFO47.BMP,,,,2673,1305531
1308204,INFO87.BMP,,,,4634,1308221
1312855,INFO117.BMP,,,,1320,1312872
1314192,INFO138.BMP,,,,1879,1314209
1316088,PART118.BMP,,,,5659,1316105
1321764,PART249.BMP,,,,338,1321781
1322119,ICONS2.BMP,,,,13221,1322136
1335357,PART22.BMP,,,,3818,1335374
1339192,PART19.BMP,,,,3184,1339209
1342393,PART1.BMP,,,,2076,1342410
1344486,PART20.BMP,,,,1275,1344503
1345778,PART21.BMP,,,,862,1345795
1346657,PART250.BMP,,,,283,1346674
1346957,CREDITS.BMP,,,,6378,1346974
1353352,PART77.BMP,,,,828,1353369
1354197,PART251.BMP,,,,642,1354214
1354856,PART252.BMP,,,,223,1354873
1355096,PART139.BMP,,,,1134,1355113
1356247,ICONS5.BMP,,,,13725,1356264
1369989,ICONS6.BMP,,,,12191,1370006
1382197,PART253.BMP,,,,191,1382214
1382405,PART109.BMP,,,,5073,1382422
1387495,PART254.BMP,,,,213,1387512
1387725,PART255.BMP,,,,302,1387742
1388044,PART256.BMP,,,,230,1388061
1388291,PART257.BMP,,,,95,1388308
1388403,INFO84.BMP,,,,4499,1388420
1392919,PART258.BMP,,,,169,1392936
1393105,PART259.BMP,,,,245,1393122
1393367,PART260.BMP,,,,829,1393384
1394213,PART116.BMP,,,,718,1394230
1394948,PART35.BMP,,,,11947,1394965
1406912,PART59.BMP,,,,891,1406929
1407820,PART99.BMP,,,,1834,1407837
1409671,LASER.BMP,,,,688,1409688
1410376,PART261.BMP,,,,682,1410393
1411075,PART100.BMP,,,,1655,1411092
1412747,PART98.BMP,,,,1878,1412764
1414642,PART76.BMP,,,,118,1414659
1414777,INFO61.BMP,,,,2768,1414794
1417562,PART129.BMP,,,,2075,1417579
1419654,PART133.BMP,,,,1168,1419671
1420839,LITENING.BMP,,,,310,1420856
1421166,INFO75.BMP,P,,P,1960,1421183
1423143,PART136.BMP,,,,766,1423160
1423926,PART281.BMP,,,,47,1423943
1423990,PART265.BMP,,,,861,1424007
1424868,PART273.BMP,,,,616,1424885
1425501,PART274.BMP,,,,638,1425518
1426156,PART276.BMP,,,,4248,1426173
1430421,PART277.BMP,,,,3218,1430438
1433656,PART278.BMP,,,,1844,1433673
1435517,PART262.BMP,,,,1498,1435534
1437032,PART16.BMP,,,,1445,1437049
1438494,ICONS7.BMP,,,,13107,1438511
1451618,ICONS8.BMP,,,,12155,1451635
1463790,ICONS9.BMP,,,,14480,1463807
1478287,TWINKLE.BMP,,,,403,1478304
1478707,PART23.BMP,,,,191,1478724
1478915,PART263.BMP,,,,2195,1478932
1481127,PART24.BMP,,,,3465,1481144
1484609,PART205.BMP,,,,2992,1484626
1487618,SPARKS.BMP,,,,731,1487635
1488366,PART206.BMP,,,,767,1488383
1489150,PART58.BMP,,,,5736,1489167
1494903,ICONS10.BMP,,,,14501,1494920
1509421,TP.BMP,.BMP,,.BMP,8453,1509438
1517891,INFO58.BMP,,,,5512,1517908
1523420,PART279.BMP,,,,2282,1523437
1525719,HANDLES.BMP,,,,13966,1525736
1539702,MAINMENU.BMP,,,,23933,1539719
1563652,PUZTYPE2.BMP,,,,867,1563669
1564536,PART57.BMP,P,,P,5301,1564553
1569854,PART85.BMP,P,,P,7073,1569871
1576944,PROG81.BMP,P,,P,2839,1576961
1579800,PART280.BMP,,,,2338,1579817
1582155,PART148.BMP,,,,737,1582172
1582909,PART95.BMP,,,,6456,1582926
1589382,PART122.BMP,,,,4283,1589399
1593682,PART121.BMP,,,,2054,1593699
1595753,PART123.BMP,,,,2227,1595770
1597997,PART124.BMP,,,,2203,1598014
1600217,PART132.BMP,,,,1492,1600234
1601726,PART4.BMP,P,,P,14262,1601743
1616005,GRAVITY.BMP,,,,12084,1616022
1628106,PART13.BMP,,,,8749,1628123
1636872,INFO17.BMP,,,,2306,1636889
1639195,INFO20.BMP,,,,1948,1639212
1641160,INFO5.BMP,,,,2683,1641177
1643860,INFO81.BMP,,,,4471,1643877
1648348,TITLEMSC.BMP,,,,4811,1648365
1653176,TITLEPRF.BMP,,,,26931,1653193
1680124,BINSOLVE.BMP,,,,14144,1680141
1694285,INFO27.BMP,P,,P,2669,1694302
1696971,INFO14.BMP,P,,P,3253,1696988
1700241,PART137.BMP,,,,1341,1700258
1701599,PART138.BMP,,,,343,1701616
1701959,INFO64.BMP,,,,3183,1701976
1705159,INFO55.BMP,,,,4382,1705176
1709558,INFO88.BMP,,,,4734,1709575
1714309,PART6.BMP,,,,1233,1714326
1715559,INFO69.BMP,,,,4752,1715576
1720328,INFO15.BMP,,,,5508,1720345
1725853,LOADSAVE.BMP,,,,12063,1725870
1737933,INFO0.BMP,MP,,MP,2909,1737950
1740859,INFO18.BMP,P,,P,2153,1740876
1743029,GOALBAR.BMP,,,,8951,1743046
1751997,SIGN_IN.BMP,,,,6515,1752014
1758529,INFO23.BMP,,,,830,1758546
1759376,INFO52.BMP,,,,3361,1759393
1762754,INFO7.BMP,,,,2711,1762771
1765482,PARTSBIN.BMP,,,,11194,1765499
1776693,PUZTYPE3.BMP,,,,259,1776710
1776969,PART168.BMP,,,,1547,1776986
1778533,INFO9.BMP,P,,P,3131,1778550
1781681,PART151.BMP,,,,1481,1781698
1783179,INFO2.BMP,P,,P,3389,1783196
1786585,INFO13.BMP,,,,2273,1786602
1788875,INFO22.BMP,,,,2607,1788892
1791499,PART152.BMP,,,,979,1791516
1792495,PART153.BMP,,,,788,1792512
1793300,PART154.BMP,,,,661,1793317
1793978,PART155.BMP,,,,776,1793995
1794771,PART156.BMP,,,,621,1794788
1795409,INFO24.BMP,,,,4809,1795426
1800235,PART157.BMP,,,,1053,1800252
1801305,PART158.BMP,,,,839,1801322
1802161,PART159.BMP,,,,773,1802178
1802951,INFO26.BMP,,,,7616,1802968
1810584,PART160.BMP,,,,650,1810601
1811251,PART161.BMP,,,,513,1811268
1811781,INFO30.BMP,,,,1565,1811798
1813363,PART162.BMP,,,,357,1813380
1813737,PART163.BMP,,,,1087,1813754
1814841,INFO33.BMP,,,,3285,1814858
1818143,PART164.BMP,,,,925,1818160
1819085,PART165.BMP,,,,519,1819102
1819621,PART166.BMP,,,,484,1819638
1820122,PART167.BMP,,,,2585,1820139
1822724,PART169.BMP,,,,1202,1822741
1823943,INFO40.BMP,,,,2530,1823960
1826490,PART170.BMP,,,,1775,1826507
1828282,INFO16.BMP,,,,1911,1828299
1830210,INFO21.BMP,,,,4730,1830227
1834957,INFO6.BMP,,,,5955,1834974
1840929,INFO31.BMP,,,,4941,1840946
1845887,PART171.BMP,,,,900,1845904
1846804,PART172.BMP,,,,2199,1846821
1849020,INFO34.BMP,,,,3263,1849037
1852300,INFO36.BMP,,,,1629,1852317
1853946,PART173.BMP,,,,1990,1853963
1855953,INFO39.BMP,,,,1912,1855970
1857882,INFO42.BMP,,,,7199,1857899
1865098,PART174.BMP,,,,905,1865115
1866020,INFO44.BMP,,,,2289,1866037
1868326,INFO107.BMP,,,,2816,1868343
1871159,PART175.BMP,,,,655,1871176
1871831,INFO51.BMP,,,,4138,1871848
1875986,PART176.BMP,,,,722,1876003
1876725,INFO53.BMP,,,,1253,1876742
1877995,PART177.BMP,,,,410,1878012
1878422,PART178.BMP,,,,136,1878439
1878575,PART179.BMP,,,,110,1878592
1878702,PART203.BMP,,,,578,1878719
1879297,PART180.BMP,,,,1811,1879314
1881125,PART181.BMP,,,,892,1881142
1882034,INFO67.BMP,,,,5856,1882051
1887907,INFO68.BMP,,,,1638,1887924
1889562,PART182.BMP,,,,777,1889579
1890356,PART183.BMP,,,,1007,1890373
1891380,PART184.BMP,,,,1300,1891397
1892697,PART185.BMP,,,,970,1892714
1893684,PART186.BMP,,,,1166,1893701
1894867,INFO32.BMP,,,,2599,1894884
1897483,PART187.BMP,,,,905,1897500
1898405,PART188.BMP,,,,751,1898422
1899173,PART189.BMP,,,,883,1899190
1900073,PART190.BMP,,,,1220,1900090
1901310,PART191.BMP,,,,722,1901327
1902049,PART192.BMP,,,,1123,1902066
1903189,INFO45.BMP,,,,2537,1903206
1905743,PART193.BMP,,,,469,1905760
1906229,PART194.BMP,,,,395,1906246
1906641,PART195.BMP,,,,697,1906658
1907355,PART196.BMP,,,,982,1907372
1908354,PART197.BMP,,,,721,1908371
1909092,PART198.BMP,,,,999,1909109
1910108,PART199.BMP,,,,1445,1910125
1911570,PART200.BMP,,,,274,1911587
1911861,PART201.BMP,,,,465,1911878
1912343,PART202.BMP,,,,465,1912360
1912825,INFO70.BMP,,,,1124,1912842
1913966,INFO56.BMP,,,,2126,1913983
1916109,INFO74.BMP,,,,4723,1916126
1920849,INFO77.BMP,,,,1799,1920866
1922665,INFO78.BMP,,,,4749,1922682
1927431,INFO46.BMP,,,,2141,1927448
1929589,INFO89.BMP,,,,6583,1929606
1936189,INFO90.BMP,,,,4340,1936206
1940546,INFO94.BMP,,,,2951,1940563
1943514,INFO96.BMP,,,,3424,1943531
1946955,INFO97.BMP,,,,2327,1946972
1949299,INFO102.BMP,,,,3311,1949316
1952627,INFO103.BMP,,,,3076,1952644
1955720,INFO104.BMP,,,,3924,1955737
1959661,INFO106.BMP,,,,6308,1959678
1965986,INFO71.BMP,,,,5678,1966003
1971681,INFO126.BMP,,,,2959,1971698
1974657,INFO1.BMP,P,,P,2136,1974674
1976810,INFO54.BMP,,,,5399,1976827
1982226,INFO65.BMP,,,,2261,1982243
1984504,INFO66.BMP,,,,3596,1984521
1988117,INFO12.BMP,,,,4114,1988134
1992248,INFO105.BMP,,,,3367,1992265
1995632,PART264.BMP,,,,932,1995649
1996581,PUZTYPE4.BMP,,,,1409,1996598
1998007,PART266.BMP,,,,453,1998024
1998477,PART267.BMP,,,,346,1998494
1998840,PART268.BMP,,,,2979,1998857
2001836,PART269.BMP,,,,3539,2001853
2005392,INFO11.BMP,,,,3725,2005409
2009134,PART270.BMP,,,,3079,2009151
2012230,PART271.BMP,,,,1651,2012247
2013898,INFO116.BMP,,,,1612,2013915
2015527,PART272.BMP,,,,1506,2015544
2017050,INFO59.BMP,,,,3860,2017067
2020927,PUZTYPE5.BMP,,,,658,2020944
2021602,PUZTYPE6.BMP,,,,603,2021619
2022222,PUZTYPE7.BMP,,,,1302,2022239
2023541,PUZTYPE8.BMP,,,,525,2023558
2024083,PART275.BMP,,,,3956,2024100
2028056,INFO91-3.BMP,,,,3549,2028073
2031622,INFO35.BMP,P,,P,3294,2031639
2034933,INFO60.BMP,P,,P,5660,2034950
2040610,PART136A.BMP,,,,513,2040627
2041140,PART115.BMP,,,,925,2041157
2042082,PART130.BMP,,,,1791,2042099
2043890,PART131.BMP,,,,2105,2043907
2046012,PART140.BMP,,,,672,2046029
2046701,INFO63.BMP,,,,4222,2046718
2050940,BLANK.BMP,,,,46,2050957
2051003,PART141.BMP,,,,723,2051020
2051743,PART142.BMP,,,,572,2051760
2052332,PART143.BMP,,,,388,2052349
2052737,PART144.BMP,,,,1754,2052754
2054508,PART145.BMP,,,,1671,2054525
2056196,PART146.BMP,,,,476,2056213
2056689,PART147.BMP,,,,1468,2056706
2058174,PART114.BMP,,,,852,2058191
2059043,PART128.BMP,,,,2160,2059060
2061220,PART134.BMP,,,,785,2061237
2062022,PART135.BMP,,,,499,2062039
2062538,INFO91.BMP,,,,3578,2062555
2066133,INFO92.BMP,,,,3566,2066150
2069716,INFO93.BMP,,,,3594,2069733
2073327,INFO95.BMP,,,,2059,2073344
2075403,HEDTOHED.BMP,,,,12153,2075420
2087573,PART53.BMP,P,,P,590,2087590
2088180,PROFESR1.BMP,,,,13241,2088197
2101438,PROFESR2.BMP,,,,17687,2101455
2119142,PART60.BMP,P,,P,6872,2119159
2126031,PART82.BMP,P,,P,7269,2126048
2133317,HINTLOCK.BMP,,,,3867,2133334
2137201,INFO50.BMP,P,,P,4114,2137218
2141332,INFO57.BMP,P,,P,2553,2141349
2143902,INFO119.BMP,,,,1577,2143919
2145496,INFO136.BMP,,,,3368,2145513
2148881,INFO48.BMP,,,,3076,2148898
2151974,INFO8.BMP,,,,1706,2151991
2153697,INFO10.BMP,,,,4462,2153714
2158176,PART14.BMP,,,,2221,2158193
2160414,PART86.BMP,,,,714,2160431
2161145,PART108.BMP,,,,1526,2161162
2162688,PART204.BMP,,,,990,2162705
2163695,PART207.BMP,,,,418,2163712
2164130,PART208.BMP,,,,290,2164147
2164437,PART209.BMP,,,,410,2164454
2164864,MAINBUTN.BMP,,,,6244,2164881
2171125,MAINPUZL.BMP,,,,1377,2171142
2172519,MAINTOUR.BMP,,,,2178,2172536
2174714,MAINSIGN.BMP,,,,826,2174731
2175557,MAINTUTR.BMP,,,,754,2175574
2176328,MAINPIEC.BMP,,,,856,2176345
2177201,SOLVE.BMP,MP,,MP,3623,2177218
2180841,MAINEDIT.BMP,,,,1867,2180858
2182725,MAINH2H.BMP,,,,2168,2182742
2184910,INFO148.BMP,,,,4861,2184927
2189788,PART96.BMP,,,,3538,2189805
2193343,PUZDISP.BMP,,,,4190,2193360
2197550,MEMOFNT8.FNT,,,,1168,2197567
2198735,RMN1_18.FNT,,,,3080,2198752
2201832,10X10NOP.FNT,,,,1873,2201849
2203722,SYS12.FNT,NT,,NT,2935,2203739
2206674,DESCRIPT.FNT,,,,1960,2206691
2208651,RMN8_40.FNT,,,,9045,2208668
2217713,SOLVE.RES,T,,T,6245,2217730
2223975,HELP.RES,T,,T,22205,2223992
2246197,BINSOLVE.RES,,,,757,2246214
2246971,INTRFACE.RES,,,,6629,2246988
2253617,DESCRIPT.RES,,,,1929,2253634
2255563,SOUND.RES,ES,,ES,351,2255580
2255931,INFO.RES,ES,,ES,26649,2255948
2282597,CREDITS.RES,,,,1101,2282614
2283715,PROGPART.RES,,,,1847,2283732
2285579,PROFESOR.RES,,,,5991,2285596
2291587,MUSIC.RES,ES,,ES,370,2291604
2291974,MUSIC2.RES,S,,S,227,2291991
2292218,CURSOR.RES,S,,S,257,2292235
2292492,MLEV20.LEV,S,,S,3802,2292509
2296311,ELEV1.LEV,S,,S,5392,2296328
2301720,TLEV31.LEV,S,,S,1677,2301737
2303414,TLEV8.LEV,S,,S,2218,2303431
2305649,TLEV14.LEV,S,,S,907,2305666
2306573,TLEV15.LEV,S,,S,1190,2306590
2307780,TLEV16.LEV,S,,S,1615,2307797
2309412,TLEV24.LEV,S,,S,2437,2309429
2311866,TLEV18.LEV,S,,S,886,2311883
2312769,TLEV23.LEV,S,,S,957,2312786
2313743,TLEV25.LEV,S,,S,961,2313760
2314721,TLEV3.LEV,S,,S,2006,2314738
2316744,ELEV6.LEV,S,,S,2480,2316761
2319241,ELEV7.LEV,S,,S,2140,2319258
2321398,ELEV12.LEV,S,,S,3537,2321415
2324952,ELEV13.LEV,S,,S,3398,2324969
2328367,ELEV15.LEV,S,,S,1683,2328384
2330067,ELEV24.LEV,S,,S,3003,2330084
2333087,RLEV8.LEV,S,,S,2679,2333104
2335783,RLEV28.LEV,S,,S,3278,2335800
2339078,RLEV20.LEV,S,,S,2271,2339095
2341366,RLEV24.LEV,S,,S,3602,2341383
2344985,ELEV11.LEV,S,,S,3526,2345002
2348528,TLEV40.LEV,S,,S,804,2348545
2349349,MLEV5.LEV,S,,S,2365,2349366
2351731,RLEV12.LEV,S,,S,4051,2351748
2355799,MLEV26.LEV,S,,S,4019,2355816
2359835,ELEV16.LEV,S,,S,2054,2359852
2361906,ELEV14.LEV,S,,S,1869,2361923
2363792,MLEV7.LEV,S,,S,2469,2363809
2366278,ELEV17.LEV,S,,S,1744,2366295
2368039,MLEV27.LEV,S,,S,3796,2368056
2371852,TLEV5.LEV,S,,S,2090,2371869
2373959,ELEV25.LEV,S,,S,2181,2373976
2376157,RLEV1.LEV,S,,S,4252,2376174
2380426,ELEV18.LEV,S,,S,4103,2380443
2384546,ELEV8.LEV,S,,S,2848,2384563
2387411,TLEV12.LEV,S,,S,1934,2387428
2389362,MLEV9.LEV,S,,S,2016,2389379
2391395,ELEV2.LEV,S,,S,2008,2391412
2393420,TLEV26.LEV,S,,S,869,2393437
2394306,RLEV6.LEV,S,,S,1598,2394323
2395921,RLEV7.LEV,S,,S,2357,2395938
2398295,RLEV26.LEV,S,,S,2942,2398312
2401254,RLEV25.LEV,S,,S,1985,2401271
2403256,RLEV10.LEV,S,,S,2329,2403273
2405602,RLEV14.LEV,S,,S,3035,2405619
2408654,RLEV15.LEV,S,,S,3393,2408671
2412064,RLEV2.LEV,S,,S,1922,2412081
2414003,HLEV4.LEV,S,,S,3022,2414020
2417042,HLEV17.LEV,S,,S,3200,2417059
2420259,HLEV21.LEV,S,,S,3647,2420276
2423923,HLEV6.LEV,S,,S,2033,2423940
2425973,TLEV21.LEV,S,,S,1233,2425990
2427223,HLEV7.LEV,S,,S,2374,2427240
2429614,TLEV17.LEV,S,,S,2038,2429631
2431669,TLEV7.LEV,S,,S,1691,2431686
2433377,TLEV2.LEV,S,,S,2894,2433394
2436288,HLEV9.LEV,S,,S,4143,2436305
2440448,HLEV10.LEV,S,,S,2501,2440465
2442966,ELEV26.LEV,S,,S,2442,2442983
2445425,RLEV22.LEV,S,,S,2985,2445442
2448427,ELEV21.LEV,S,,S,3115,2448444
2451559,RLEV4.LEV,S,,S,3091,2451576
2454667,RLEV9.LEV,S,,S,2732,2454684
2457416,TLEV10.LEV,S,,S,2162,2457433
2459595,RLEV11.LEV,S,,S,2262,2459612
2461874,RLEV3.LEV,S,,S,3178,2461891
2465069,ELEV3.LEV,S,,S,2274,2465086
2467360,TLEV32.LEV,S,,S,1446,2467377
2468823,ELEV9.LEV,S,,S,2116,2468840
2470956,TLEV11.LEV,S,,S,1487,2470973
2472460,RLEV18.LEV,S,,S,4213,2472477
2476690,RLEV17.LEV,S,,S,3671,2476707
2480378,RLEV23.LEV,S,,S,3366,2480395
2483761,TLEV9.LEV,S,,S,2103,2483778
2485881,TLEV13.LEV,S,,S,1318,2485898
2487216,RLEV27.LEV,S,,S,2457,2487233
2489690,HLEV22.LEV,S,,S,4699,2489707
2494406,HLEV27.LEV,S,,S,2570,2494423
2496993,HLEV26.LEV,S,,S,2969,2497010
2499979,HLEV28.LEV,S,,S,5580,2499996
2505576,TLEV1.LEV,S,,S,1331,2505593
2506924,MLEV30.LEV,S,,S,5539,2506941
2512480,RLEV16.LEV,S,,S,3627,2512497
2516124,HLEV30.LEV,S,,S,2322,2516141
2518463,TLEV30.LEV,S,,S,887,2518480
2519367,HLEV29.LEV,S,,S,5179,2519384
2524563,TLEV33.LEV,S,,S,1789,2524580
2526369,TLEV37.LEV,S,,S,1145,2526386
2527531,TLEV35.LEV,S,,S,1150,2527548
2528698,TLEV39.LEV,S,,S,1295,2528715
2530010,TLEV6.LEV,S,,S,1424,2530027
2531451,MLEV8.LEV,S,,S,2842,2531468
2534310,TLEV20.LEV,S,,S,958,2534327
2535285,ELEV23.LEV,S,,S,2354,2535302
2537656,ELEV22.LEV,S,,S,1697,2537673
2539370,MLEV1.LEV,S,,S,3050,2539387
2542437,MLEV10.LEV,S,,S,3014,2542454
2545468,MLEV19.LEV,S,,S,2361,2545485
2547846,MLEV16.LEV,S,,S,2094,2547863
2549957,MLEV23.LEV,S,,S,2738,2549974
2552712,RLEV5.LEV,S,,S,3082,2552729
2555811,HLEV3.LEV,S,,S,1579,2555828
2557407,MLEV25.LEV,S,,S,2458,2557424
2559882,ELEV19.LEV,S,,S,1332,2559899
2561231,ELEV20.LEV,S,,S,3270,2561248
2564518,ELEV5.LEV,S,,S,1944,2564535
2566479,ELEV4.LEV,S,,S,1871,2566496
2568367,MLEV2.LEV,S,,S,3705,2568384
2572089,MLEV28.LEV,S,,S,3546,2572106
2575652,MLEV21.LEV,S,,S,2138,2575669
2577807,MLEV22.LEV,S,,S,1934,2577824
2579758,TLEV19.LEV,S,,S,985,2579775
2580760,ELEV10.LEV,S,,S,2416,2580777
2583193,MLEV14.LEV,S,,S,1949,2583210
2585159,MLEV17.LEV,S,,S,2323,2585176
2587499,TLEV4.LEV,S,,S,1782,2587516
2589298,MLEV13.LEV,S,,S,4678,2589315
2593993,MLEV15.LEV,S,,S,1823,2594010
2595833,MLEV18.LEV,S,,S,2900,2595850
2598750,RLEV19.LEV,S,,S,3647,2598767
2602414,HLEV1.LEV,S,,S,2901,2602431
2605332,HLEV23.LEV,S,,S,3501,2605349
2608850,HLEV25.LEV,S,,S,2569,2608867
2611436,RLEV13.LEV,S,,S,3500,2611453
2614953,RLEV21.LEV,S,,S,3999,2614970
2618969,MLEV3.LEV,S,,S,2053,2618986
2621039,MLEV24.LEV,S,,S,4613,2621056
2625669,HLEV19.LEV,S,,S,3345,2625686
2629031,HLEV20.LEV,S,,S,3073,2629048
2632121,TLEV38.LEV,S,,S,1040,2632138
2633178,MLEV29.LEV,S,,S,2369,2633195
2635564,MLEV4.LEV,S,,S,2187,2635581
2637768,MLEV6.LEV,S,,S,2003,2637785
2639788,HLEV24.LEV,S,,S,1542,2639805
2641347,HLEV15.LEV,S,,S,2676,2641364
2644040,HLEV8.LEV,S,,S,2495,2644057
2646552,HLEV16.LEV,S,,S,3416,2646569
2649985,TLEV22.LEV,S,,S,1448,2650002
2651450,RLEV29.LEV,S,,S,4541,2651467
2656008,HLEV5.LEV,S,,S,2205,2656025
2658230,TLEV27.LEV,S,,S,846,2658247
2659093,HLEV31.LEV,S,,S,3687,2659110
2662797,HLEV12.LEV,S,,S,2805,2662814
2665619,HLEV13.LEV,S,,S,2258,2665636
2667894,TLEV34.LEV,S,,S,1812,2667911
2669723,TLEV36.LEV,S,,S,715,2669740
2670455,TLEV29.LEV,S,,S,1037,2670472
2671509,HLEV2.LEV,S,,S,1757,2671526
2673283,HLEV11.LEV,S,,S,2221,2673300
2675521,HLEV14.LEV,S,,S,2417,2675538
2677955,HLEV18.LEV,S,,S,2895,2677972
2680867,TLEV28.LEV,S,,S,1252,2680884
2682136,MLEV12.LEV,S,,S,2681,2682153
2684834,MLEV11.LEV,S,,S,1893,2684851
2686744,HH4.LEV,EV S,EV,S,3803,2686761
2690564,HH1.LEV,EV S,EV,S,1961,2690581
2692542,HH7.LEV,EV S,EV,S,3757,2692559
2696316,HH11.LEV,V S,V,S,1997,2696333
2698330,HH20.LEV,V S,V,S,1560,2698347
2699907,HH25.LEV,V S,V,S,1229,2699924
2701153,HH23.LEV,V S,V,S,1050,2701170
2702220,HH38.LEV,V S,V,S,1647,2702237
2703884,HH26.LEV,V S,V,S,1531,2703901
2705432,HH14.LEV,V S,V,S,1411,2705449
2706860,HH46.LEV,V S,V,S,2064,2706877
2708941,HH16.LEV,V S,V,S,1164,2708958
2710122,HH12.LEV,V S,V,S,2441,2710139
2712580,HH13.LEV,V S,V,S,2180,2712597
2714777,HH19.LEV,V S,V,S,1982,2714794
2716776,HH15.LEV,V S,V,S,2847,2716793
2719640,HH17.LEV,V S,V,S,2448,2719657
2722105,HH31.LEV,V S,V,S,1172,2722122
2723294,HH45.LEV,V S,V,S,1856,2723311
2725167,HH44.LEV,V S,V,S,1723,2725184
2726907,HH30.LEV,V S,V,S,1476,2726924
2728400,HH43.LEV,V S,V,S,1620,2728417
2730037,HH18.LEV,V S,V,S,3643,2730054
2733697,HH41.LEV,V S,V,S,2443,2733714
2736157,HH22.LEV,V S,V,S,1730,2736174
2737904,HH24.LEV,V S,V,S,1113,2737921
2739034,HH2.LEV,V S,V,S,1992,2739051
2741043,HH21.LEV,V S,V,S,1073,2741060
2742133,HH33.LEV,V S,V,S,2410,2742150
2744560,HH8.LEV,V S,V,S,2420,2744577
2746997,HH32.LEV,V S,V,S,1506,2747014
2748520,HH50.LEV,V S,V,S,2176,2748537
2750713,HH28.LEV,V S,V,S,2036,2750730
2752766,HH36.LEV,V S,V,S,1366,2752783
2754149,HH29.LEV,V S,V,S,1965,2754166
2756131,HH3.LEV,V S,V,S,1821,2756148
2757969,HH27.LEV,V S,V,S,1088,2757986
2759074,HH49.LEV,V S,V,S,1777,2759091
2760868,HH6.LEV,V S,V,S,1530,2760885
2762415,HH34.LEV,V S,V,S,1328,2762432
2763760,HH37.LEV,V S,V,S,2259,2763777
2766036,HH35.LEV,V S,V,S,1483,2766053
2767536,HH47.LEV,V S,V,S,1331,2767553
2768884,HH40.LEV,V S,V,S,1798,2768901
2770699,HH42.LEV,V S,V,S,2060,2770716
2772776,HH48.LEV,V S,V,S,1739,2772793
2774532,HH5.LEV,V S,V,S,1659,2774549
2776208,HH39.LEV,V S,V,S,2415,2776225
2778640,HH10.LEV,V S,V,S,1605,2778657
2780262,HH9.LEV,V S,V,S,1687,2780279
2781966,PART58.PAR,S,,S,44,2781983
2782027,PART1.PAR,S,,S,44,2782044
2782088,PART4.PAR,S,,S,252,2782105
2782357,PART5.PAR,S,,S,184,2782374
2782558,PART16.PAR,S,,S,164,2782575
2782739,PART25.PAR,S,,S,84,2782756
2782840,PART33.PAR,S,,S,96,2782857
2782953,PART2.PAR,S,,S,156,2782970
2783126,PART17.PAR,S,,S,84,2783143
2783227,PART78.PAR,S,,S,112,2783244
2783356,PART13.PAR,S,,S,72,2783373
2783445,PART14.PAR,S,,S,96,2783462
2783558,PART9.PAR,S,,S,96,2783575
2783671,PART8.PAR,S,,S,44,2783688
2783732,PART52.PAR,S,,S,90,2783749
2783839,PART10.PAR,S,,S,44,2783856
2783900,PART15.PAR,S,,S,72,2783917
2783989,PART97.PAR,S,,S,44,2784006
2784050,PART19.PAR,S,,S,72,2784067
2784139,PART21.PAR,S,,S,100,2784156
2784256,PART22.PAR,S,,S,100,2784273
2784373,PART23.PAR,S,,S,44,2784390
2784434,PART24.PAR,S,,S,84,2784451
2784535,PART26.PAR,S,,S,84,2784552
2784636,PART110.PAR,,,,44,2784653
2784697,PART29.PAR,,,,72,2784714
2784786,PART30.PAR,,,,44,2784803
2784847,PART32.PAR,,,,72,2784864
2784936,PART35.PAR,,,,136,2784953
2785089,PART34.PAR,,,,84,2785106
2785190,PART12.PAR,,,,78,2785207
2785285,PART37.PAR,,,,142,2785302
2785444,PART38.PAR,,,,44,2785461
2785505,PART39.PAR,,,,72,2785522
2785594,PART40.PAR,,,,44,2785611
2785655,PART41.PAR,,,,44,2785672
2785716,PART44.PAR,,,,96,2785733
2785829,PART47.PAR,,,,96,2785846
2785942,PART46.PAR,,,,44,2785959
2786003,PART20.PAR,,,,72,2786020
2786092,PART48.PAR,,,,44,2786109
2786153,PART49.PAR,,,,44,2786170
2786214,PART50.PAR,,,,84,2786231
2786315,PART55.PAR,,,,78,2786332
2786410,PART51.PAR,,,,96,2786427
2786523,PART56.PAR,,,,44,2786540
2786584,PART42.PAR,,,,72,2786601
2786673,PART101.PAR,,,,44,2786690
2786734,PART60.PAR,,,,44,2786751
2786795,PART116.PAR,,,,84,2786812
2786896,PART87.PAR,,,,96,2786913
2787009,PART59.PAR,,,,96,2787026
2787122,PART61.PAR,,,,78,2787139
2787217,PART62.PAR,,,,84,2787234
2787318,PART64.PAR,,,,96,2787335
2787431,PART70.PAR,,,,146,2787448
2787594,PART65.PAR,,,,78,2787611
2787689,PART66.PAR,,,,44,2787706
2787750,PART27.PAR,,,,96,2787767
2787863,PART76.PAR,,,,44,2787880
2787924,PART7.PAR,,,,44,2787941
2787985,PART138.PAR,,,,72,2788002
2788074,PART82.PAR,,,,44,2788091
2788135,PART93.PAR,,,,44,2788152
2788196,PART98.PAR,,,,162,2788213
2788375,PART67.PAR,,,,90,2788392
2788482,PART74.PAR,,,,72,2788499
2788571,PART119.PAR,,,,604,2788588
2789192,PART83.PAR,,,,44,2789209
2789253,PART84.PAR,,,,44,2789270
2789314,PART85.PAR,,,,44,2789331
2789375,PART86.PAR,,,,96,2789392
2789488,PART81.PAR,,,,84,2789505
2789589,PART125.PAR,,,,44,2789606
2789650,PART90.PAR,,,,96,2789667
2789763,PART69.PAR,,,,72,2789780
2789852,PART109.PAR,,,,96,2789869
2789965,PART0.PAR,R,,R,96,2789982
2790078,PART100.PAR,,,,44,2790095
2790139,PART102.PAR,,,,44,2790156
2790200,PART104.PAR,,,,72,2790217
2790289,PART105.PAR,,,,72,2790306
2790378,PART106.PAR,,,,72,2790395
2790467,PART111.PAR,,,,44,2790484
2790528,PART112.PAR,,,,44,2790545
2790589,PART113.PAR,,,,44,2790606
2790650,PART114.PAR,,,,44,2790667
2790711,PART115.PAR,,,,44,2790728
2790772,PART127.PAR,,,,44,2790789
2790833,PART11.PAR,,,,108,2790850
2790958,PART103.PAR,,,,72,2790975
2791047,PART107.PAR,,,,78,2791064
2791142,PART77.PAR,,,,148,2791159
2791307,PART36.PAR,,,,146,2791324
2791470,PART31.PAR,,,,108,2791487
2791595,PART3.PAR,,,,200,2791612
2791812,PART99.PAR,,,,44,2791829
2791873,PART79.PAR,,,,84,2791890
2791974,PART117.PAR,,,,220,2791991
2792211,PART57.PAR,,,,348,2792228
2792576,PART96.PAR,,,,60,2792593
2792653,PART80.PAR,,,,78,2792670
2792748,PART126.PAR,,,,44,2792765
2792809,PART45.PAR,,,,78,2792826
2792904,PART43.PAR,,,,96,2792921
2793017,PART75.PAR,,,,44,2793034
2793078,PART72.PAR,,,,44,2793095
2793139,PART120.PAR,,,,44,2793156
2793200,PART136.PAR,,,,72,2793217
2793289,PART53.PAR,,,,180,2793306
2793486,PART121.PAR,,,,44,2793503
2793547,PART118.PAR,,,,44,2793564
2793608,PART54.PAR,,,,112,2793625
2793737,PART18.PAR,,,,356,2793754
2794110,PART140.PAR,,,,44,2794127
2794171,PART6.PAR,R,,R,72,2794188
2794260,PART139.PAR,,,,200,2794277
2794477,PART148.PAR,,,,60,2794494
2794554,PART95.PAR,,,,204,2794571
2794775,PART71.PAR,,,,304,2794792
2795096,PART73.PAR,,,,112,2795113
2795225,PART63.PAR,,,,96,2795242
2795338,PART122.PAR,,,,44,2795355
2795399,PART123.PAR,,,,44,2795416
2795460,PART124.PAR,,,,44,2795477
2795521,PART91.PAR,,,,228,2795538
2795766,PART147.PAR,,,,44,2795783
2795827,PART88.PAR,,,,148,2795844
2795992,PART92.PAR,,,,44,2796009
2796053,PART94.PAR,,,,180,2796070
2796250,PART108.PAR,,,,84,2796267
2796351,PART135.PAR,,,,44,2796368
2796412,PART134.PAR,,,,44,2796429
2796473,PART133.PAR,,,,44,2796490
2796534,PART132.PAR,,,,44,2796551
2796595,PART131.PAR,,,,44,2796612
2796656,PART130.PAR,,,,44,2796673
2796717,PART129.PAR,,,,44,2796734
2796778,PART128.PAR,,,,44,2796795
2796839,PART146.PAR,,,,44,2796856
2796900,PART145.PAR,,,,44,2796917
2796961,PART144.PAR,,,,44,2796978
2797022,PART143.PAR,,,,44,2797039
2797083,PART142.PAR,,,,44,2797100
2797144,PART141.PAR,,,,44,2797161
2797205,PART89.PAR,,,,124,2797222
2797346,PART68.PAR,,,,96,2797363
2797459,PART28.PAR,,,,96,2797476
2797572,PART137.PAR,,,,160,2797589
2797749,SX_3620.RAW,,,,7958,2797766
2805724,SX_3001.RAW,,,,11609,2805741
2817350,SX_3066.RAW,,,,3664,2817367
2821031,SX_3137.RAW,,,,534,2821048
2821582,SX_3617.RAW,,,,5050,2821599
2826649,SX_3139.RAW,,,,3936,2826666
2830602,SX_3501.RAW,,,,4200,2830619
2834819,SX_3015.RAW,,,,9500,2834836
2844336,SX_3618.RAW,,,,2232,2844353
2846585,SX_3019.RAW,,,,21632,2846602
2868234,SX_3622.RAW,,,,15638,2868251
2883889,SX_3037.RAW,,,,2160,2883906
2886066,SX_3088.RAW,,,,6656,2886083
2892739,SX_3013.RAW,,,,14340,2892756
2907096,SX_3006.RAW,,,,1424,2907113
2908537,SX_3505.RAW,,,,4900,2908554
2913454,SX_3502.RAW,,,,8320,2913471
2921791,SX_3090.RAW,,,,1832,2921808
2923640,SX_3022.RAW,,,,11406,2923657
2935063,SX_3081.RAW,,,,5780,2935080
2940860,SX_3089.RAW,,,,1240,2940877
2942117,SX_3012.RAW,,,,5821,2942134
2947955,SX_3117.RAW,,,,1314,2947972
2949286,SX_3033.RAW,,,,1104,2949303
2950407,SX_3035.RAW,,,,11030,2950424
2961454,SX_3036.RAW,,,,10507,2961471
2971978,SX_3211.RAW,,,,15062,2971995
2987057,SX_3054.RAW,,,,13419,2987074
3000493,SX_3626.RAW,,,,1952,3000510
3002462,SX_3021.RAW,,,,1528,3002479
3004007,SX_3075.RAW,,,,16724,3004024
3020748,SX_3116.RAW,,,,647,3020765
3021412,SX_3136.RAW,,,,2336,3021429
3023765,SX_3306.RAW,,,,2702,3023782
3026484,SX_3261.RAW,,,,9238,3026501
3035739,SX_3025.RAW,,,,420,3035756
3036176,SX_3078.RAW,,,,20227,3036193
3056420,SX_3312.RAW,,,,10518,3056437
3066955,SX_3070.RAW,,,,15382,3066972
3082354,SX_3016.RAW,,,,7958,3082371
3090329,SX_3058.RAW,,,,1650,3090346
3091996,SX_3061.RAW,,,,2432,3092013
3094445,SX_3073.RAW,,,,3096,3094462
3097558,SX_3067.RAW,,,,7010,3097575
3104585,SX_3454.RAW,,,,87,3104602
3104689,SX_3080.RAW,,,,18454,3104706
3123160,SX_3063.RAW,,,,145,3123177
3123322,SX_3064.RAW,,,,1488,3123339
3124827,SX_3503.RAW,,,,9296,3124844
3134140,SX_3601.RAW,,,,4200,3134157
3138357,SX_3508.RAW,,,,2229,3138374
3140603,SX_3612.RAW,,,,1600,3140620
3142220,SX_3614.RAW,,,,7457,3142237
3149694,SX_3510.RAW,,,,11136,3149711
3160847,SX_3700.RAW,,,,27132,3160864
3187996,SX_3004.RAW,,,,2864,3188013
3190877,SX_3701.RAW,,,,15840,3190894
3206734,SX_3354.RAW,,,,2838,3206751
3209589,SX_3237.RAW,,,,4096,3209606
3213702,SX_3554.RAW,,,,12253,3213719
3225972,SX_3206.RAW,,,,2838,3225989
3228827,SX_3029.RAW,,,,4530,3228844
3233374,SX_3600.RAW,,,,2304,3233391
3235695,SX_3018.RAW,,,,11261,3235712
3246973,SX_3212.RAW,,,,1609,3246990
3248599,SX_3231.RAW,,,,10080,3248616
3258696,SX_3236.RAW,,,,11286,3258713
3269999,SX_3032.RAW,,,,1440,3270016
3271456,SX_3506.RAW,,,,10875,3271473
3282348,SX_3031.RAW,,,,14038,3282365
3296403,SX_3200.RAW,,,,10518,3296420
3306938,SX_3337.RAW,,,,1568,3306955
3308523,SX_3611.RAW,,,,654,3308540
3309194,SX_3201.RAW,,,,9710,3309211
3318921,SX_3507.RAW,,,,740,3318938
3319678,SX_3613.RAW,,,,1075,3319695
3320770,SX_3500.RAW,,,,2304,3320787
3323091,SX_3615.RAW,,,,1808,3323108
3324916,SX_3509.RAW,,,,7385,3324933
3332318,SX_3504.RAW,,,,2814,3332335
3335149,SX_3042.RAW,,,,6784,3335166
3341950,SX_3077.RAW,,,,1012,3341967
3342979,SX_3602.RAW,,,,8320,3342996
3351316,SX_3603.RAW,,,,9296,3351333
3360629,SX_3604.RAW,,,,2814,3360646
3363460,SX_3605.RAW,,,,4900,3363477
3368377,SX_3606.RAW,,,,10875,3368394
3379269,SX_3607.RAW,,,,740,3379286
3380026,SX_3608.RAW,,,,2229,3380043
3382272,SX_3609.RAW,,,,7385,3382289
3389674,SX_3003.RAW,,,,4288,3389691
3393979,SX_3621.RAW,,,,1558,3393996
3395554,SX_3623.RAW,,,,1109,3395571
3396680,SX_3254.RAW,,,,23830,3396697
3420527,SX_3702.RAW,,,,3619,3420544
3424163,SX_3703.RAW,,,,11570,3424180
3435750,SX_3704.RAW,,,,19872,3435767
3455639,SX_3705.RAW,,,,4980,3455656
3460636,SX_3002.RAW,,,,5056,3460653
3465709,SX_3627.RAW,,,,832,3465726
3466558,SX_3625.RAW,,,,4552,3466575
3471127,SX_3624.RAW,,,,1792,3471144
3472936,SX_3039.RAW,,,,5056,3472953
3478009,SX_3074.RAW,,,,4908,3478026
3482934,SX_3610.RAW,,,,5142,3482951
3488093,SX_3108.RAW,,,,2326,3488110
3490436,SX_3055.RAW,,,,9806,3490453
3500259,SX_3616.RAW,,,,8032,3500276
3508308,SX_3027.RAW,,,,12310,3508325
3520635,SX_3754.RAW,,,,5376,3520652
3526028,SX_3654.RAW,,,,3665,3526045
3529710,SX_3706.RAW,,,,15062,3529727
3544789,SX_3707.RAW,,,,11406,3544806
3556212,SIERRA.SCR,,,,4753,3556229
3560982,TITLE.SCR,,,,18159,3560999
3579158,TOUR3.REC,,,,5140,3579175
3584315,TOUR1.REC,,,,11800,3584332
3596132,TOUR4.REC,,,,23598,3596149
3619747,TOUR2.REC,,,,34308,3619764
3654072,TOUR5.REC,,,,12204,3654089
3666293,TOUR6.REC,,,,22832,3666310
